title,description,difficulty,prep_time,cook_time,servings,ingredients,instructions,calories,protein,fats,carbs,tags,source_url
"Crispy vegan rice paper dumplings","A delicious recipe for crispy vegan rice paper dumplings that feature a flavorful filling of tofu, vegetables, and seasonings, perfect for a savory snack or meal.","easy",40,8,6,"[{""name"":""rice paper wrappers"",""amount"":""12"",""unit"":""sheets"",""category"":""key"",""substitutes"":[],""notes"":""""},{""name"":""firm tofu"",""amount"":""200"",""unit"":""g"",""category"":""key"",""substitutes"":[""tempeh""],""notes"":""""},{""name"":""carrot"",""amount"":""1"",""unit"":"""",""category"":""important"",""substitutes"":[],""notes"":""""},{""name"":""button mushrooms"",""amount"":""100"",""unit"":""g"",""category"":""important"",""substitutes"":[""shiitake mushrooms""],""notes"":""""},{""name"":""ginger"",""amount"":""10"",""unit"":""g"",""category"":""flavor"",""substitutes"":[""ground ginger""],""notes"":""""},{""name"":""garlic"",""amount"":""1"",""unit"":""clove"",""category"":""flavor"",""substitutes"":[""garlic powder""],""notes"":""""},{""name"":""sesame oil"",""amount"":""2"",""unit"":""tbsp"",""category"":""flavor"",""substitutes"":[""vegetable oil""],""notes"":""""},{""name"":""soy sauce"",""amount"":""1"",""unit"":""tbsp"",""category"":""flavor"",""substitutes"":[""tamari""],""notes"":""""},{""name"":""salt"",""amount"":"""",""unit"":"""",""category"":""base"",""substitutes"":[],""notes"":""""},{""name"":""pepper"",""amount"":"""",""unit"":"""",""category"":""base"",""substitutes"":[],""notes"":""""}]","[""Draine and crumble tofu into a bowl. Peel and julienne carrot. Chop mushrooms finely. Peel and mince ginger and garlic."",""Add half the sesame oil to a frying pan over medium heat. Add mushrooms and sauté until cooked and dry, approx. 5 min. Add carrots, ginger, and garlic and sauté until fragrant. Add tofu and cook until tofu is starting to brown, approx. 7 min."",""Add soy sauce and season with salt and pepper to taste. Transfer filling to a bowl and set aside. Wipe out the pan, we will use this to fry the dumplings."",""Add warm water to a rimmed plate large enough to dip your rice paper wrapper into. Dip a rice paper wrapper into the water briefly then transfer to a cutting board. Add some filling to the center of the wrapper (approx. 2 tbsp), then fold the four edges over the filling to make a rectangle-shaped dumpling. Set aside. Repeat with remaining dumpling wrappers and filling for double-wrapped dumplings."",""Add remaining toasted sesame oil to a frying pan and return to medium heat. Pan fry dumplings until crispy on both sides, approx. 8 min. Total. Serve immediately with chili crisp for dipping.""]",170,6,8,21,"vegan,main,asian,finger-food","https://www.kitchenstories.com/en/recipes/crispy-vegan-rice-paper-dumplings"
"Roasted aubergine and walnut ragù","Classic ragu, but different – here is an exciting, smoky-nutty, plant-based variation that you will love. The combination of roasted aubergine, tender walnuts, and tomato depth is literally one to melt away for.","medium",30,45,4,"[{""name"":""walnuts"",""amount"":""80"",""unit"":""g"",""category"":""important"",""substitutes"":[""pine nuts"",""cashews""],""notes"":""""},{""name"":""eggplants"",""amount"":""2"",""unit"":"""",""category"":""key"",""substitutes"":[],""notes"":""""},{""name"":""carrot"",""amount"":""1"",""unit"":"""",""category"":""important"",""substitutes"":[],""notes"":""""},{""name"":""onion"",""amount"":""1"",""unit"":"""",""category"":""important"",""substitutes"":[""shallots""],""notes"":""""},{""name"":""celery"",""amount"":""2"",""unit"":""stalks"",""category"":""important"",""substitutes"":[],""notes"":""""},{""name"":""garlic"",""amount"":""2"",""unit"":""cloves"",""category"":""flavor"",""substitutes"":[],""notes"":""""},{""name"":""tomato paste"",""amount"":""2"",""unit"":""tbsp"",""category"":""important"",""substitutes"":[],""notes"":""""},{""name"":""dry vegan red wine"",""amount"":""200"",""unit"":""ml"",""category"":""flavor"",""substitutes"":[""grape juice""],""notes"":""""},{""name"":""tomato purée (passata)"",""amount"":""400"",""unit"":""g"",""category"":""important"",""substitutes"":[""crushed tomatoes""],""notes"":""""},{""name"":""vegetable broth"",""amount"":""200"",""unit"":""ml"",""category"":""important"",""substitutes"":[],""notes"":""""},{""name"":""lentils (cooked)"",""amount"":""300"",""unit"":""g"",""category"":""key"",""substitutes"":[],""notes"":""""},{""name"":""pappardelle pasta"",""amount"":""400"",""unit"":""g"",""category"":""key"",""substitutes"":[""tagliatelle""],""notes"":""""},{""name"":""salt"",""amount"":"""",""unit"":"""",""category"":""base"",""substitutes"":[],""notes"":""""},{""name"":""pepper"",""amount"":"""",""unit"":"""",""category"":""base"",""substitutes"":[],""notes"":""""}]","[""Soak the walnuts in water the day before."",""Preheat the oven to 200°C/390°F. Cut the eggplants in half lengthwise, prick the cut surfaces with a fork, place cut-side up on a baking tray, drizzle with oil, and bake for approx. 40–50 min. until soft."",""Peel and finely dice the carrots and onion. Wash the celery and cut into small pieces. Peel and finely chop the garlic."",""Drain soaked walnuts, cover with fresh water in a saucepan, bring to boil and simmer on low heat for approx. 10–20 min. until soft."",""Allow the aubergines to cool briefly, then finely chop the flesh. Drain the nuts after cooking and finely chop or crumble them."",""Heat oil in a large frying pan, fry vegetables until onions are lightly browned, then add garlic and bay leaves and fry briefly."",""Stir in tomato paste, deglaze with red wine, bring to a boil and reduce by half."",""Add eggplant flesh, walnuts, tomato passata, lentils, and vegetable broth. Stir in miso paste, season with salt and pepper and let it simmer for approx. 15–20 min. until the ragout is creamy. Season to taste."",""Cook pasta according to package instructions, drain and mix with the ragout or serve separately. Sprinkle with parsley and season again to taste.""]",721,26,16,99,"vegan,italian,pasta,main","https://www.kitchenstories.com/en/recipes/roasted-aubergine-and-walnut-ragu"
"One-pot creamy chickpea and spinach curry","This recipe is a delicious, nourishing and comforting dish that's vegan and gluten-free, taking just 30 minutes to make.","easy",30,0,4,"[{""name"":""canned chickpeas"",""amount"":""400"",""unit"":""g"",""category"":""key"",""substitutes"":[""white beans""],""notes"":""""},{""name"":""baby spinach"",""amount"":""150"",""unit"":""g"",""category"":""important"",""substitutes"":[""kale""],""notes"":""""},{""name"":""onion"",""amount"":""1"",""unit"":"""",""category"":""important"",""substitutes"":[],""notes"":""""},{""name"":""garlic"",""amount"":""3"",""unit"":""cloves"",""category"":""flavor"",""substitutes"":[],""notes"":""""},{""name"":""ginger"",""amount"":""20"",""unit"":""g"",""category"":""flavor"",""substitutes"":[],""notes"":""""},{""name"":""green chili"",""amount"":""1"",""unit"":"""",""category"":""flavor"",""substitutes"":[],""notes"":""""},{""name"":""lemon"",""amount"":""½"",""unit"":"""",""category"":""flavor"",""substitutes"":[],""notes"":""""},{""name"":""vegetable oil"",""amount"":""2"",""unit"":""tbsp"",""category"":""base"",""substitutes"":[""coconut oil""],""notes"":""""},{""name"":""ground turmeric"",""amount"":""2"",""unit"":""tsp"",""category"":""flavor"",""substitutes"":[],""notes"":""""},{""name"":""garam masala"",""amount"":""2"",""unit"":""tsp"",""category"":""flavor"",""substitutes"":[""curry powder""],""notes"":""""},{""name"":""water"",""amount"":""300"",""unit"":""ml"",""category"":""base"",""substitutes"":[],""notes"":""""},{""name"":""coconut milk"",""amount"":""400"",""unit"":""ml"",""category"":""important"",""substitutes"":[""cream""],""notes"":""""},{""name"":""sugar"",""amount"":""1"",""unit"":""pinch"",""category"":""flavor"",""substitutes"":[],""notes"":""""},{""name"":""salt"",""amount"":"""",""unit"":"""",""category"":""base"",""substitutes"":[],""notes"":""""}]","[""Finely dice the onion. Crush the garlic until broken up and sticky. Peel and finely mince the ginger. Slice the green chili, if using. Wash and drain the baby spinach. Zest and juice the lemon."",""Add vegetable oil to a medium-sized heavy-based pot over medium high-heat. Once hot, add the onion, garlic, ginger, and a pinch of salt; sauté until soft, approx. 5 min. Next, add the chickpeas, ground turmeric, garam masala, sliced green chili, and black pepper. Fry for approx. 3 min, until fragrant."",""Add water and scrape the bottom of the pot. Bring to a boil, cook on a high simmer for approx. 5 min. Next, add coconut milk, season with salt and a pinch of sugar. Reduce heat to medium, and cook with the lid half on for approx. 10 min. Add lemon zest and juice to taste. Turn off the heat, add baby spinach and stir well. Place the lid on and leave the spinach to wilt for approx. 5 min. Serve with basmati rice and extra green chili if desired.""]",381,9,30,26,"vegan,one-pot,curry,indian,main","https://www.kitchenstories.com/en/recipes/one-pot-creamy-chickpea-and-spinach-curry"
"Creamy pumpkin curry udon","These super saucy, creamy udon noodles are my new, ultimate fall comfort food! Not only does it fit perfectly into the season in terms of color, it also combines the most perfect flavors.","easy",30,0,2,"[{""name"":""udon noodles (pre-cooked)"",""amount"":""400"",""unit"":""g"",""category"":""key"",""substitutes"":[""soba noodles"",""rice noodles""],""notes"":""""},{""name"":""Hokkaido pumpkins"",""amount"":""750"",""unit"":""g"",""category"":""key"",""substitutes"":[""butternut squash""],""notes"":""""},{""name"":""scallions"",""amount"":""2"",""unit"":"""",""category"":""important"",""substitutes"":[],""notes"":""""},{""name"":""garlic"",""amount"":""1"",""unit"":""clove"",""category"":""flavor"",""substitutes"":[],""notes"":""""},{""name"":""ginger"",""amount"":""10"",""unit"":""g"",""category"":""flavor"",""substitutes"":[],""notes"":""""},{""name"":""curry powder"",""amount"":""1"",""unit"":""tbsp"",""category"":""flavor"",""substitutes"":[],""notes"":""""},{""name"":""vegetable broth"",""amount"":""200"",""unit"":""ml"",""category"":""important"",""substitutes"":[],""notes"":""""},{""name"":""coconut milk"",""amount"":""200"",""unit"":""ml"",""category"":""important"",""substitutes"":[],""notes"":""""},{""name"":""white miso paste"",""amount"":""1.5"",""unit"":""tbsp"",""category"":""flavor"",""substitutes"":[],""notes"":""""},{""name"":""baby spinach"",""amount"":""50"",""unit"":""g"",""category"":""important"",""substitutes"":[],""notes"":""""},{""name"":""lime"",""amount"":""1"",""unit"":"""",""category"":""flavor"",""substitutes"":[""lemon""],""notes"":""""},{""name"":""salt"",""amount"":"""",""unit"":"""",""category"":""base"",""substitutes"":[],""notes"":""""}]","[""Peel and finely chop garlic and ginger. Slice the white part of the scallions into rings, slice the green part diagonally and set aside for serving. Cut pumpkin into small equal cubes (approx. 1.5x1.5 cm/ 0.6x0.6 in.)."",""Add oil to a medium pot and add ginger, garlic and the white part of the scallions and fry until translucent. Then add pumpkin and fry for approx. 5 min. Add curry powder and fry briefly then deglaze with vegetable stock and coconut milk. Let simmer for further approx. 7 min. more until the pumpkin is soft."",""With a immersion blender, puree briefly so that the sauce gets creamy but there are still some pumpkin cubes left. Then add miso and stir until dissolved. Now add udon noodles and gently separate them while heating up for approx. 3 min."",""Season to taste with lime juice. Then just before serving add spinach and let wilt briefly. Divide into bowls and sprinkle with the green scallion rings, black sesame and some chili if desired.""]",1285,35,39,208,"vegan,noodles,asian,main,comfort-food","https://www.kitchenstories.com/en/recipes/creamy-pumpkin-curry-udon"
"Butternut squash Wellington","This butternut squash Wellington is the ideal meatless main for the festive season: impressive yet wonderfully uncomplicated.","medium",30,80,6,"[{""name"":""butternut squash"",""amount"":""1"",""unit"":"""",""category"":""key"",""substitutes"":[""pumpkin""],""notes"":""""},{""name"":""walnuts"",""amount"":""100"",""unit"":""g"",""category"":""important"",""substitutes"":[""pecans""],""notes"":""""},{""name"":""button mushrooms"",""amount"":""300"",""unit"":""g"",""category"":""important"",""substitutes"":[],""notes"":""""},{""name"":""baby spinach"",""amount"":""800"",""unit"":""g"",""category"":""important"",""substitutes"":[],""notes"":""""},{""name"":""shallots"",""amount"":""2"",""unit"":"""",""category"":""important"",""substitutes"":[""onions""],""notes"":""""},{""name"":""garlic"",""amount"":""2 cloves"",""unit"":"""",""category"":""flavor"",""substitutes"":[],""notes"":""""},{""name"":""thyme"",""amount"":""30"",""unit"":""g"",""category"":""flavor"",""substitutes"":[],""notes"":""""},{""name"":""rosemary"",""amount"":""30"",""unit"":""g"",""category"":""flavor"",""substitutes"":[],""notes"":""""},{""name"":""sage"",""amount"":""30"",""unit"":""g"",""category"":""flavor"",""substitutes"":[],""notes"":""""},{""name"":""soy sauce"",""amount"":""3"",""unit"":""tbsp"",""category"":""flavor"",""substitutes"":[],""notes"":""""},{""name"":""puff pastry sheets"",""amount"":""2"",""unit"":"""",""category"":""key"",""substitutes"":[],""notes"":""""},{""name"":""Dijon mustard"",""amount"":""1"",""unit"":""tbsp"",""category"":""flavor"",""substitutes"":[],""notes"":""""},{""name"":""butter"",""amount"":""1"",""unit"":""tbsp"",""category"":""base"",""substitutes"":[""vegan butter""],""notes"":""""},{""name"":""olive oil"",""amount"":""2"",""unit"":""tbsp"",""category"":""base"",""substitutes"":[],""notes"":""""}]","[""Preheat the oven to 200°C/390°F. Halve, deseed and peel butternut squash. Separate and cube cavity part. Season squash with salt and pepper and toss with some olive oil. Bake at 200°C/390°F for approx. 30 min. Meanwhile peel and finely dice shallots, peel and finely mince garlic and slice mushrooms. After the baking time, add walnuts to the baking sheet with squash and bake for approx. 5 min. more. Remove from the oven and set aside."",""Heat butter and olive oil in a large pan over medium heat. Sauté shallots until translucent. Add mushrooms and fry for approx. 10 min. until brown. Then add garlic, thyme, sage and rosemary and fry for approx. 3 min. more until fragrant. Add soy sauce, stir in and let simmer briefly until liquid is evaporated."",""Add the fried mushrooms together with roasted squash cubes, walnuts and Dijon mustard into a blender and blend to a coarse mixture. Briefly blanch the spinach in boiling salted water, then rinse with cold water and squeeze out all the excess liquid from the spinach with your hands."",""Roll out a piece of puff pastry on a baking sheet lined with parchment paper and spread half of mushroom-nut mixture in a rectangle in the center. Now, distribute spinach evenly over the mixture. Place baked pumpkin halves cut-side down onto the spinach, cover them with the remaining mushroom mixture, and smooth it out. Cover with another piece of puff pastry and press down gently. Now, trim off excess puff pastry and cut it into strips. Arrange the strips in a pattern over the puff pastry roll. Brush with a little soy milk and bake in the preheated oven at 200°C/390°F for approx. 50 min. Until the puff pastry is golden brown. Remove from oven, let it rest briefly, then slice it and serve with your choice of side dishes.""]",500,15,36,42,"vegan,main,christmas,festive","https://www.kitchenstories.com/en/recipes/butternut-squash-wellington"
"Red cabbage hash browns with kale and garlic mushrooms","Hash browns and veggie fritters are absolute classics! Red cabbage makes it happen with its natural sweetness and vibrant hue.","medium",35,20,4,"[{""name"":""red cabbage"",""amount"":""400"",""unit"":""g"",""category"":""key"",""substitutes"":[],""notes"":""""},{""name"":""potatoes"",""amount"":""100"",""unit"":""g"",""category"":""key"",""substitutes"":[],""notes"":""""},{""name"":""onion"",""amount"":""1"",""unit"":""unit"",""category"":""important"",""substitutes"":[],""notes"":""""},{""name"":""garlic"",""amount"":""2"",""unit"":""cloves"",""category"":""flavor"",""substitutes"":[],""notes"":""""},{""name"":""kale"",""amount"":""80"",""unit"":""g"",""category"":""important"",""substitutes"":[""spinach""],""notes"":""""},{""name"":""mixed mushrooms"",""amount"":""300"",""unit"":""g"",""category"":""important"",""substitutes"":[],""notes"":""""},{""name"":""eggs"",""amount"":""2"",""unit"":""unit"",""category"":""important"",""substitutes"":[],""notes"":""""},{""name"":""flour"",""amount"":""4"",""unit"":""tbsp"",""category"":""important"",""substitutes"":[],""notes"":""""},{""name"":""oil"",""amount"":""3"",""unit"":""tbsp"",""category"":""base"",""substitutes"":[],""notes"":""""},{""name"":""heavy cream"",""amount"":""150"",""unit"":""ml"",""category"":""important"",""substitutes"":[],""notes"":""""},{""name"":""butter"",""amount"":""2"",""unit"":""tbsp"",""category"":""base"",""substitutes"":[],""notes"":""""},{""name"":""parsley (for serving)"",""amount"":""2"",""unit"":""pinches"",""category"":""flavor"",""substitutes"":[],""notes"":""""},{""name"":""nutmeg (ground)"",""amount"":""2"",""unit"":""pinches"",""category"":""flavor"",""substitutes"":[],""notes"":""""},{""name"":""salt"",""amount"":""1"",""unit"":""unit"",""category"":""base"",""substitutes"":[],""notes"":""""},{""name"":""pepper"",""amount"":""1"",""unit"":""unit"",""category"":""base"",""substitutes"":[],""notes"":""""}]","[""Preheat oven to 200°C/392°F on top/bottom heat. Start with preparing the veggies by shredding red cabbage finely. Then, peel and grate potatoes, peel and finely chop onion and garlic, remove stalks from kale and roughly chop them. Finally, cut mushrooms into bite-sized pieces."",""Mix shredded red cabbage and potato with eggs, flour, salt, pepper, and nutmeg in a bowl. Spoon small amounts of the mix onto a baking sheet lined with parchment paper. Drizzle each portion with some oil and bake for approx. 20 min. until golden brown, turning them over once. While they are baking, continue with the recipe."",""Meanwhile, heat oil in a pot and sauté onion until translucent. Add kale and cook for approx. 5–7 min. more over medium heat. Then, stir in heavy cream and cook until creamy. Season with nutmeg, salt and pepper."",""Heat remaining oil in a pan, add mushrooms, and fry for approx. 5–8 min. until golden brown. Add butter and fry until golden brown as well. Then, add garlic and briefly sauté. Season with salt and pepper. On a plate, serve hash browns with creamy kale, mushrooms, and sprinkle with parsley.""]",525,8,49,30,"vegetarian,main,side","https://www.kitchenstories.com/en/recipes/red-cabbage-hash-browns-with-kale-and-garlic-mushrooms"
"Savoy cabbage carbonara with chestnut","Carbonara never fails to impress, and you might think it's already perfect as it is. However, this recipe shows just how versatile the concept can be.","medium",30,10,4,"[{""name"":""spaghetti"",""amount"":""500"",""unit"":""g"",""category"":""key"",""substitutes"":[""linguine""],""notes"":""""},{""name"":""savoy cabbages"",""amount"":""200"",""unit"":""g"",""category"":""important"",""substitutes"":[],""notes"":""""},{""name"":""chestnuts (cooked and peeled)"",""amount"":""150"",""unit"":""g"",""category"":""important"",""substitutes"":[],""notes"":""""},{""name"":""Pecorino cheese"",""amount"":""80"",""unit"":""g"",""category"":""important"",""substitutes"":[""parmesan""],""notes"":""""},{""name"":""panko breadcrumbs"",""amount"":""50"",""unit"":""g"",""category"":""flavor"",""substitutes"":[""regular breadcrumbs""],""notes"":""""},{""name"":""egg yolks"",""amount"":""6"",""unit"":"""",""category"":""important"",""substitutes"":[],""notes"":""""},{""name"":""garlic"",""amount"":""1"",""unit"":""clove"",""category"":""flavor"",""substitutes"":[],""notes"":""""},{""name"":""olive oil"",""amount"":""3"",""unit"":""tbsp"",""category"":""base"",""substitutes"":[],""notes"":""""},{""name"":""salt"",""amount"":"""",""unit"":"""",""category"":""base"",""substitutes"":[],""notes"":""""},{""name"":""pepper"",""amount"":"""",""unit"":"""",""category"":""base"",""substitutes"":[],""notes"":""""}]","[""Heat olive oil in a large pan. Add panko and toast until golden brown. Finely grate half the pecorino and mix with warm panko. Continue until the pecorino is crispy and brown. Season with salt and pepper, remove from the pan, and set aside."",""Cook spaghetti according to package instructions until al dente. Reserve some pasta water, then drain. Cut savoy cabbage into fine strips, roughly chop the chestnuts, and finely chop the peeled garlic."",""In the same large pan, heat more olive oil and sauté savoy cabbage for about 5–7 minutes until soft and lightly browned. Add garlic and chopped chestnuts, then sauté briefly. Season with salt and pepper."",""Whisk egg yolks with the remaining pecorino and pepper in a small bowl. Add the hot pasta to the pan along with the egg mixture and reserved pasta water. Mix quickly until the sauce is silky. Add more water if necessary. Top with pecorino crunch and chopped parsley, and serve immediately.""]",720,31,35,73,"vegetarian,pasta,italian,main","https://www.kitchenstories.com/en/recipes/savoy-cabbage-carbonara-with-chestnut"
"Zuppa toscana with fried salsiccia","As one of Italy's most famous soups, zuppa toscana is a hearty and creamy soup combining a big range of flavors.","easy",20,25,4,"[{""name"":""all-rounder potatoes"",""amount"":""500"",""unit"":""g"",""category"":""key"",""substitutes"":[],""notes"":""""},{""name"":""carrots"",""amount"":""2"",""unit"":"""",""category"":""important"",""substitutes"":[],""notes"":""""},{""name"":""celery"",""amount"":""2"",""unit"":""stalks"",""category"":""important"",""substitutes"":[],""notes"":""""},{""name"":""garlic"",""amount"":""3"",""unit"":""cloves"",""category"":""flavor"",""substitutes"":[],""notes"":""""},{""name"":""onion"",""amount"":""1"",""unit"":"""",""category"":""important"",""substitutes"":[],""notes"":""""},{""name"":""Italian sausages"",""amount"":""400"",""unit"":""g"",""category"":""key"",""substitutes"":[""chorizo""],""notes"":""""},{""name"":""vegetable broth"",""amount"":""1000"",""unit"":""g"",""category"":""important"",""substitutes"":[],""notes"":""""},{""name"":""kale"",""amount"":""100"",""unit"":""g"",""category"":""important"",""substitutes"":[""spinach""],""notes"":""""},{""name"":""cream"",""amount"":""200"",""unit"":""ml"",""category"":""important"",""substitutes"":[],""notes"":""""},{""name"":""olive oil"",""amount"":""2"",""unit"":""tbsp"",""category"":""base"",""substitutes"":[],""notes"":""""},{""name"":""salt"",""amount"":"""",""unit"":"""",""category"":""base"",""substitutes"":[],""notes"":""""},{""name"":""pepper"",""amount"":"""",""unit"":"""",""category"":""base"",""substitutes"":[],""notes"":""""}]","[""Peel potatoes and cut into approx. 1 cm cubes. Peel carrots, and slice thinly. Slice celery into small pieces, dice onion, and finely chop garlic. Heat oil in a large pot, then sauté onion, carrot, celery, and garlic for approx. 5 min. until translucent."",""Next, peel and crumble salsiccia. Add to the vegetables in the pot and sauté everything together for approx. 5–7 min. until sausage is slightly browned. Add potatoes and vegetable broth. Bring to a boil and simmer over medium for approx. 15 min. until potatoes are soft. Meanwhile, remove thick stems from kale and cut leaves into bite-sized pieces."",""Add kale to the pot and cook for approx. 5 min. more. Pour in cream, stir well, and season with salt and pepper to taste. Let the zuppa toscana rest for approx. 5 min. before serving.""]",624,29,40,32,"soup,italian,main","https://www.kitchenstories.com/en/recipes/zuppa-toscana-with-fried-salsiccia"
"Creamy one-pot French onion pasta","This pasta brings together the best of two worlds: the deep, roasted flavors of French onion soup and the velvety creaminess of Italian pasta.","easy",50,0,2,"[{""name"":""pasta"",""amount"":""400"",""unit"":""g"",""category"":""key"",""substitutes"":[],""notes"":""""},{""name"":""onions"",""amount"":""4"",""unit"":"""",""category"":""key"",""substitutes"":[],""notes"":""""},{""name"":""garlic"",""amount"":""2"",""unit"":""cloves"",""category"":""flavor"",""substitutes"":[],""notes"":""""},{""name"":""butter"",""amount"":""50"",""unit"":""g"",""category"":""important"",""substitutes"":[],""notes"":""""},{""name"":""olive oil"",""amount"":""2"",""unit"":""tbsp"",""category"":""base"",""substitutes"":[],""notes"":""""},{""name"":""white wine"",""amount"":""50"",""unit"":""ml"",""category"":""flavor"",""substitutes"":[""vegetable broth""],""notes"":""""},{""name"":""beef stock"",""amount"":""800"",""unit"":""ml"",""category"":""important"",""substitutes"":[""vegetable stock""],""notes"":""""},{""name"":""heavy cream"",""amount"":""100"",""unit"":""ml"",""category"":""important"",""substitutes"":[],""notes"":""""},{""name"":""thyme"",""amount"":""4"",""unit"":""sprigs"",""category"":""flavor"",""substitutes"":[],""notes"":""""},{""name"":""shredded Gruyère cheese"",""amount"":""80"",""unit"":""g"",""category"":""important"",""substitutes"":[""swiss cheese""],""notes"":""""},{""name"":""salt"",""amount"":"""",""unit"":"""",""category"":""base"",""substitutes"":[],""notes"":""""},{""name"":""pepper"",""amount"":"""",""unit"":"""",""category"":""base"",""substitutes"":[],""notes"":""""}]","[""Peel onions and garlic. Finely mince garlic and set aside, then slice onions as thinly as possible into fine half-moons. Heat the butter and olive oil in a large frying pan. Once the butter has melted, add the sliced onions and cook over a low to medium heat for approx. 30–40 min., stirring occasionally, until soft and caramelised."",""Once onions are very soft and caramelised to a golden brown, deglaze with white wine. Use a wooden spoon to scrape the browned bits from the bottom of the pan. Then add thyme sprigs and minced garlic, stir and let simmer for approx. 2–3 min. until fragrant."",""Next, add the raw pasta and beef stock to the pan. Simmer over medium-high heat, stirring frequently, until the liquid is absorbed and the pasta is al dente. Remove the thyme sprigs, then stir in the cream and half of the Gruyère cheese. Bring to a boil once more until the sauce is creamy, then season to taste with salt and pepper. To serve, sprinkle with the remaining Gruyère and garnish with fresh thyme leaves, if desired.""]",1113,39,89,68,"pasta,french,one-pot,main,comfort-food","https://www.kitchenstories.com/en/recipes/creamy-one-pot-french-onion-pasta"
"Kale Caesar salad with apples and candied walnuts","A delicious kale salad featuring tangy Caesar dressing, crisp apples, and caramelized walnuts, perfect for showcasing this versatile winter vegetable.","easy",30,0,4,"[{""name"":""kale"",""amount"":""350"",""unit"":""g"",""category"":""key"",""substitutes"":[],""notes"":""""},{""name"":""baguette"",""amount"":""1"",""unit"":"""",""category"":""important"",""substitutes"":[],""notes"":""""},{""name"":""apples (tart)"",""amount"":""2"",""unit"":"""",""category"":""important"",""substitutes"":[],""notes"":""""},{""name"":""walnuts"",""amount"":""40"",""unit"":""g"",""category"":""flavor"",""substitutes"":[""pecans""],""notes"":""""},{""name"":""garlic"",""amount"":""2"",""unit"":""cloves"",""category"":""flavor"",""substitutes"":[],""notes"":""""},{""name"":""anchovies"",""amount"":""2"",""unit"":"""",""category"":""flavor"",""substitutes"":[],""notes"":""""},{""name"":""Dijon mustard"",""amount"":""2"",""unit"":""tsp"",""category"":""flavor"",""substitutes"":[],""notes"":""""},{""name"":""egg yolk"",""amount"":""1"",""unit"":"""",""category"":""important"",""substitutes"":[],""notes"":""""},{""name"":""oil"",""amount"":""80"",""unit"":""ml"",""category"":""base"",""substitutes"":[],""notes"":""""},{""name"":""lemon"",""amount"":""1"",""unit"":"""",""category"":""flavor"",""substitutes"":[],""notes"":""""},{""name"":""Parmesan cheese"",""amount"":""150"",""unit"":""g"",""category"":""important"",""substitutes"":[],""notes"":""""},{""name"":""Worcestershire sauce"",""amount"":""3"",""unit"":""tsp"",""category"":""flavor"",""substitutes"":[],""notes"":""""},{""name"":""butter"",""amount"":""2"",""unit"":""tsp"",""category"":""base"",""substitutes"":[],""notes"":""""},{""name"":""sugar"",""amount"":""2"",""unit"":""tsp"",""category"":""flavor"",""substitutes"":[],""notes"":""""},{""name"":""salt"",""amount"":"""",""unit"":"""",""category"":""base"",""substitutes"":[],""notes"":""""},{""name"":""pepper"",""amount"":"""",""unit"":"""",""category"":""base"",""substitutes"":[],""notes"":""""}]","[""Wash the kale, remove the stalk, and tear the leaves into bite-sized pieces. Add kale to a large bowl, sprinkle with a pinch of salt and some of the olive oil, and massage gently for approx. 1–2 min. until it softens and darkens in color."",""For the dressing, mix egg yolk, mustard, Worcestershire sauce, and (if desired) anchovies in a bowl. Press in the garlic and add the lemon juice, then slowly stir in the remaining olive oil until the dressing becomes creamy. Finely grate the Parmesan and stir into the dressing, season to taste with salt and pepper. Add the dressing to the kale, mix, and let it sit briefly."",""Wipe out the previously used pan. Set the pan to low-medium heat, add sugar and allow to melt. Add butter and caramelize over medium heat, stirring constantly, until the mixture turns a light brown color. Then add walnuts and stir briefly until they are completely covered in caramel. Pour onto baking paper and leave to cool completely, then chop coarsely. Cut the apple into thin slices. Add the apples, caramelized walnuts, and croutons to the kale. To serve, grate some fresh Parmesan cheese over the top.""]",555,21,50,13,"salad,american,side,main","https://www.kitchenstories.com/en/recipes/kale-caesar-salad-with-apples-and-candied-walnuts"
"Crispy potato galette with smoked salmon","Fresh from the oven, straight onto your plate: this potato galette with crispy edges is just what you need right now!","medium",20,50,6,"[{""name"":""waxy potatoes"",""amount"":""1.25"",""unit"":""kg"",""category"":""key"",""substitutes"":[],""notes"":""""},{""name"":""butter"",""amount"":""80"",""unit"":""g"",""category"":""important"",""substitutes"":[],""notes"":""""},{""name"":""garlic"",""amount"":""1"",""unit"":""clove"",""category"":""flavor"",""substitutes"":[],""notes"":""""},{""name"":""Parmesan cheese"",""amount"":""100"",""unit"":""g"",""category"":""important"",""substitutes"":[],""notes"":""""},{""name"":""crème fraîche"",""amount"":""120"",""unit"":""g"",""category"":""important"",""substitutes"":[""sour cream""],""notes"":""""},{""name"":""dill"",""amount"":""15"",""unit"":""g"",""category"":""flavor"",""substitutes"":[],""notes"":""""},{""name"":""lemon"",""amount"":""0.5"",""unit"":""unit"",""category"":""flavor"",""substitutes"":[],""notes"":""""},{""name"":""smoked salmon"",""amount"":""225"",""unit"":""g"",""category"":""key"",""substitutes"":[],""notes"":""""},{""name"":""red onion"",""amount"":""1"",""unit"":""unit"",""category"":""flavor"",""substitutes"":[],""notes"":""""},{""name"":""capers"",""amount"":""30"",""unit"":""g"",""category"":""flavor"",""substitutes"":[],""notes"":""""},{""name"":""chives"",""amount"":""10"",""unit"":""g"",""category"":""flavor"",""substitutes"":[],""notes"":""""},{""name"":""salt"",""amount"":"""",""unit"":"""",""category"":""base"",""substitutes"":[],""notes"":""""},{""name"":""pepper"",""amount"":"""",""unit"":"""",""category"":""base"",""substitutes"":[],""notes"":""""}]","[""Preheat oven to 200°C/392°F on top/bottom heat."",""Peel and slice potatoes into approx. 2 mm/ 0.08 in. thick slices, or use a mandoline."",""Peel and chop garlic. Melt butter in a small pot over medium heat, and add garlic."",""In a bowl, mix garlic butter and sliced potatoes well, seasoning generously with salt and pepper."",""Grate Parmesan finely."",""In a cast iron pan (or baking dish) with approx. 26 cm/ 10 in. diameter, arrange potato slices in overlapping circles."",""Sprinkle some Parmesan over each layer, until all slices are used. Optionally; use parchment paper to avoid sticking, but the best browning will be done without it."",""Bake galette in the oven for approx. 60–80 min. until golden brown and crispy."",""In the meantime, peel and cut onion into thin strips. Slice chives into fine rings and chop dill finely. Drain and rinse capers. Grate some zest, and halve lemon."",""In a bowl, mix crème fraîche, dill, lemon zest, juice of half the lemon, salt, and pepper, then set aside."",""Cut smoked salmon into bite-sized slices."",""After baking, take the galette out of the oven and let it cool briefly, then carefully transfer to a serving platter."",""Spread the crème fraîche mix on top and garnish with smoked salmon slices, onion strips, capers, and chives. Serve immediately.""]",441,18,25,32,"main,french,fish","https://www.kitchenstories.com/en/recipes/crispy-potato-galette-with-smoked-salmon"
"Flavorful carrot salad with crispy Beluga lentils","This carrot salad with crispy Beluga lentils really has it all: It's packed with textures and flavors, and it's both filling and light as a satisfying main.","easy",30,15,4,"[{""name"":""beluga lentils"",""amount"":""250"",""unit"":""g"",""category"":""key"",""substitutes"":[""green lentils""],""notes"":""""},{""name"":""carrots"",""amount"":""400"",""unit"":""g"",""category"":""key"",""substitutes"":[],""notes"":""""},{""name"":""olive oil"",""amount"":""8"",""unit"":""tbsp"",""category"":""base"",""substitutes"":[],""notes"":""""},{""name"":""red onion"",""amount"":""1"",""unit"":"""",""category"":""important"",""substitutes"":[],""notes"":""""},{""name"":""dried apricots"",""amount"":""8"",""unit"":"""",""category"":""flavor"",""substitutes"":[],""notes"":""""},{""name"":""hazelnuts"",""amount"":""60"",""unit"":""g"",""category"":""flavor"",""substitutes"":[""almonds""],""notes"":""""},{""name"":""parsley"",""amount"":""20"",""unit"":""g"",""category"":""flavor"",""substitutes"":[],""notes"":""""},{""name"":""ras el hanout"",""amount"":""2"",""unit"":""tsp"",""category"":""flavor"",""substitutes"":[],""notes"":""""},{""name"":""maple syrup"",""amount"":""2"",""unit"":""tsp"",""category"":""flavor"",""substitutes"":[""honey""],""notes"":""""},{""name"":""lemon zest"",""amount"":""1"",""unit"":""tsp"",""category"":""flavor"",""substitutes"":[],""notes"":""""},{""name"":""sherry vinegar"",""amount"":""3"",""unit"":""tbsp"",""category"":""flavor"",""substitutes"":[""red wine vinegar""],""notes"":""""},{""name"":""salt"",""amount"":"""",""unit"":"""",""category"":""base"",""substitutes"":[],""notes"":""""},{""name"":""pepper"",""amount"":"""",""unit"":"""",""category"":""base"",""substitutes"":[],""notes"":""""}]","[""Preheat oven to 220°C/425°F. Cook lentils according to package instructions and drain. Then, spread lentils on a baking sheet lined with parchment paper, drizzle with ¼ of the olive oil, season to taste with salt, and roast in the preheated oven at 220°C/425°F for approx. 15 min., until they are slightly crispy. Flip halfway through if desired."",""In the meantime, peel carrots with a vegetable peeler and cut into fine strips. Halve red onion and slice into fine rings. Cut dried apricots also into fine strips and add everything to a serving bowl. Roughly chop hazelnut and parsley and set aside. If desired, cut chili into fine, diagonal rings."",""Heat remaining olive oil in a small pan, add hazelnuts and Ras el Hanout, and briefly sear until fragrant. Pour nut-oil mixture over the ingredients in the serving bowl. Add maple syrup, lemon zest, and sherry vinegar. Season to taste with salt and pepper. Toss everything well together."",""Remove roasted lentils from the oven and add them to the serving bowl along with parsley. Carefully toss everything again, re-season with salt and pepper. If desired, garnish with chili and either serve immediately while still warm or let it rest in the fridge.""]",659,20,37,67,"vegan,salad,middle-eastern,main","https://www.kitchenstories.com/en/recipes/flavorful-carrot-salad-with-crispy-beluga-lentils"
"Fried pumpkin and chorizo pasta","Fall season is all about being cozy, and nothing is cozier than seeing your orecchiette pasta hugging fried pumpkin pieces and chorizo pieces on your plate.","easy",30,0,2,"[{""name"":""Hokkaido pumpkins"",""amount"":""200"",""unit"":""g"",""category"":""key"",""substitutes"":[""butternut squash""],""notes"":""""},{""name"":""onion"",""amount"":""1"",""unit"":"""",""category"":""important"",""substitutes"":[],""notes"":""""},{""name"":""garlic"",""amount"":""2"",""unit"":""cloves"",""category"":""flavor"",""substitutes"":[],""notes"":""""},{""name"":""olive oil"",""amount"":""2"",""unit"":""tbsp"",""category"":""base"",""substitutes"":[],""notes"":""""},{""name"":""chorizo"",""amount"":""150"",""unit"":""g"",""category"":""key"",""substitutes"":[""spicy sausage""],""notes"":""""},{""name"":""thyme"",""amount"":""3"",""unit"":""sprigs"",""category"":""flavor"",""substitutes"":[],""notes"":""""},{""name"":""chicken stock"",""amount"":""200"",""unit"":""g"",""category"":""important"",""substitutes"":[""vegetable stock""],""notes"":""""},{""name"":""orecchiette"",""amount"":""250"",""unit"":""g"",""category"":""key"",""substitutes"":[""pasta shells""],""notes"":""""},{""name"":""Parmesan cheese"",""amount"":""50"",""unit"":""g"",""category"":""important"",""substitutes"":[],""notes"":""""},{""name"":""salt"",""amount"":"""",""unit"":"""",""category"":""base"",""substitutes"":[],""notes"":""""},{""name"":""pepper"",""amount"":"""",""unit"":"""",""category"":""base"",""substitutes"":[],""notes"":""""}]","[""Dice onion and finely chop garlic. Halve pumpkin, deseed, dice the flesh and set aside. Heat olive oil in a large pan. Peel the casing off chorizo, add to pan and sear it until it's lightly browned. Then remove from pan."",""Heat more olive oil in the same pan and add onions. Fry over medium heat until translucent and add garlic and thyme to fry for approx. 1 more min. Then, add pumpkin and chorizo and continue stir-frying for approx. 3 more min. Add broth and simmer with the lid on over low heat until the pumpkin is soft."",""Meanwhile, cook pasta according to package instructions but drain approx. 2 min. before it's al dente, reserving some pasta water aside. Add drained pasta and pasta water to the pan of other ingredients and bring to a boil. Add salt and pepper and let it boil and stir for approx. 2 min. until you have a creamy consistency. Finally stir in grated Parmesan right before serving. Garnish with fresh thyme leaves and more Parmesan to taste.""]",1006,39,47,107,"pasta,main,autumn,comfort-food","https://www.kitchenstories.com/en/recipes/fried-pumpkin-and-chorizo-pasta"
"Easy tempeh stir-fry with crunchy veggies","Quick to make, packed with flavor and, thanks to tempeh, full of good plant protein.","easy",30,5,2,"[{""name"":""tempeh"",""amount"":""200"",""unit"":""g"",""category"":""key"",""substitutes"":[""tofu""],""notes"":""""},{""name"":""broccolini"",""amount"":""200"",""unit"":""g"",""category"":""important"",""substitutes"":[""broccoli""],""notes"":""""},{""name"":""red bell pepper"",""amount"":""1"",""unit"":"""",""category"":""important"",""substitutes"":[],""notes"":""""},{""name"":""scallions"",""amount"":""2"",""unit"":"""",""category"":""important"",""substitutes"":[],""notes"":""""},{""name"":""garlic"",""amount"":""2"",""unit"":""cloves"",""category"":""flavor"",""substitutes"":[],""notes"":""""},{""name"":""ginger"",""amount"":""10"",""unit"":""g"",""category"":""flavor"",""substitutes"":[],""notes"":""""},{""name"":""starch"",""amount"":""1"",""unit"":""tbsp"",""category"":""important"",""substitutes"":[""cornstarch""],""notes"":""""},{""name"":""soy sauce"",""amount"":""2"",""unit"":""tbsp"",""category"":""flavor"",""substitutes"":[""tamari""],""notes"":""""},{""name"":""sweet chili sauce"",""amount"":""2"",""unit"":""tbsp"",""category"":""flavor"",""substitutes"":[],""notes"":""""},{""name"":""water"",""amount"":""4"",""unit"":""tbsp"",""category"":""base"",""substitutes"":[],""notes"":""""},{""name"":""baby spinach"",""amount"":""75"",""unit"":""g"",""category"":""important"",""substitutes"":[],""notes"":""""},{""name"":""sesame oil"",""amount"":""2"",""unit"":""tbsp"",""category"":""flavor"",""substitutes"":[],""notes"":""""}]","[""Cut broccolini into bite-sized pieces, slice bell pepper into strips, and thinly slice scallions, keeping the white and green parts separate. Finely chop garlic and ginger. Cut tempeh into bite-sized pieces, place in a bowl, dust with half the cornstarch, and toss gently."",""Heat vegetable oil in a large pan or wok. Fry tempeh for approx. 5 min. until golden brown on all sides, then remove and set aside. In the remaining oil, sauté broccolini, bell pepper, scallion whites, garlic, and ginger for approx. 3–4 min."",""Mix soy sauce, sweet chili sauce, and the remaining cornstarch with water, then add to the veggies. Let simmer briefly, then stir in tempeh and baby spinach. Season with more soy sauce to taste. Finish with a drizzle of sesame oil and sprinkle scallion greens and sesame seeds on top. Serve with cooked jasmine rice.""]",365,27,14,38,"vegan,asian,stir-fry,main","https://www.kitchenstories.com/en/recipes/easy-tempeh-stir-fry-with-crunchy-veggies"
"Warm bulgur salad with roasted zucchini and radicchio","Let bulgur salad prove itself to be a really cozy dish, and you'll be prepared for any cold day that's coming your way.","medium",25,25,4,"[{""name"":""bulgur"",""amount"":""200"",""unit"":""g"",""category"":""key"",""substitutes"":[""quinoa"",""couscous""],""notes"":""""},{""name"":""water"",""amount"":""400"",""unit"":""ml"",""category"":""base"",""substitutes"":[],""notes"":""""},{""name"":""zucchini"",""amount"":""2"",""unit"":"""",""category"":""important"",""substitutes"":[],""notes"":""""},{""name"":""canned chickpeas"",""amount"":""240"",""unit"":""g"",""category"":""important"",""substitutes"":[],""notes"":""""},{""name"":""garlic"",""amount"":""2"",""unit"":""cloves"",""category"":""flavor"",""substitutes"":[],""notes"":""""},{""name"":""red grapes"",""amount"":""200"",""unit"":""g"",""category"":""flavor"",""substitutes"":[],""notes"":""""},{""name"":""olive oil"",""amount"":""3"",""unit"":""tbsp"",""category"":""base"",""substitutes"":[],""notes"":""""},{""name"":""radicchio"",""amount"":""1"",""unit"":"""",""category"":""important"",""substitutes"":[],""notes"":""""},{""name"":""butter"",""amount"":""40"",""unit"":""g"",""category"":""flavor"",""substitutes"":[],""notes"":""""},{""name"":""pine nuts"",""amount"":""40"",""unit"":""g"",""category"":""flavor"",""substitutes"":[],""notes"":""""},{""name"":""parsley"",""amount"":""10"",""unit"":""g"",""category"":""flavor"",""substitutes"":[],""notes"":""""},{""name"":""lemon"",""amount"":""1"",""unit"":"""",""category"":""flavor"",""substitutes"":[],""notes"":""""},{""name"":""honey"",""amount"":""1"",""unit"":""tbsp"",""category"":""flavor"",""substitutes"":[""maple syrup""],""notes"":""""},{""name"":""salt"",""amount"":"""",""unit"":"""",""category"":""base"",""substitutes"":[],""notes"":""""},{""name"":""pepper"",""amount"":"""",""unit"":"""",""category"":""base"",""substitutes"":[],""notes"":""""}]","[""Preheat the oven to 200°C/392°F on top/bottom heat. Put bulgur and water in a pot, bring to a boil, and simmer on low heat for approx. 10 min. Then, let rest for approx. 5 min. until it absorbs all the water."",""Cut zucchini into approx. 1 cm/4 in. thick slices. Rinse chickpeas and drain. Peel and finely chop garlic. Mix zucchini, chickpeas, grapes, garlic, olive oil, salt, and pepper in a bowl. Place all on a baking sheet lined with parchment paper and roast for approx. 20–25 min. until lightly browned in the oven."",""Meanwhile, quarter radicchio, remove the stalk and cut into coarse pieces. Melt butter in a large pan and let it slightly brown. Add pine nuts, and radicchio and sauté while stirring for approx. 1 min. and remove from heat. Season with salt and pepper and let rest."",""Roughly chop parsley. Zest lemon and squeeze out its juice. Whisk lemon juice, olive oil, honey, salad, and pepper in a small bowl for the dressing. Put bulgur in a large bowl, add roasted vegetables, and radicchio with pine nuts. Drizzle the dressing over, add in parsley and lemon zest and mix carefully. Serve warm.""]",0,0,0,0,"vegetarian,salad,mediterranean,main","https://www.kitchenstories.com/en/recipes/warm-bulgur-salad-with-roasted-zucchini-and-radicchio"
"Easy butter bean curry with pumpkin","Creamy, nourishing, and full of comfort! This curry with pumpkin, butter beans, and coconut milk is just the thing when you're craving extra warmth on a chilly day.","easy",30,15,2,"[{""name"":""Hokkaido pumpkins"",""amount"":""400"",""unit"":""g"",""category"":""key"",""substitutes"":[""butternut squash""],""notes"":""""},{""name"":""onion"",""amount"":""1"",""unit"":"""",""category"":""important"",""substitutes"":[],""notes"":""""},{""name"":""garlic"",""amount"":""1"",""unit"":""clove"",""category"":""flavor"",""substitutes"":[],""notes"":""""},{""name"":""ginger"",""amount"":""5"",""unit"":""g"",""category"":""flavor"",""substitutes"":[],""notes"":""""},{""name"":""curry powder"",""amount"":""1"",""unit"":""tsp"",""category"":""flavor"",""substitutes"":[],""notes"":""""},{""name"":""ground cumin"",""amount"":""0.5"",""unit"":""tsp"",""category"":""flavor"",""substitutes"":[],""notes"":""""},{""name"":""ground turmeric"",""amount"":""0.5"",""unit"":""tsp"",""category"":""flavor"",""substitutes"":[],""notes"":""""},{""name"":""ground coriander"",""amount"":""0.5"",""unit"":""tsp"",""category"":""flavor"",""substitutes"":[],""notes"":""""},{""name"":""canned diced tomatoes"",""amount"":""400"",""unit"":""g"",""category"":""important"",""substitutes"":[],""notes"":""""},{""name"":""vegetable broth"",""amount"":""175"",""unit"":""ml"",""category"":""important"",""substitutes"":[],""notes"":""""},{""name"":""canned butter beans"",""amount"":""400"",""unit"":""g"",""category"":""key"",""substitutes"":[""lima beans"",""cannellini beans""],""notes"":""""},{""name"":""coconut milk"",""amount"":""140"",""unit"":""ml"",""category"":""important"",""substitutes"":[],""notes"":""""},{""name"":""salt"",""amount"":"""",""unit"":"""",""category"":""base"",""substitutes"":[],""notes"":""""}]","[""Wash the Hokkaido pumpkin, cut it in half, remove the seeds, and dice it."",""Peel and finely chop the onion, garlic, and ginger."",""Heat olive oil in a large pot over medium heat."",""Add the onion, garlic, and ginger and sauté until the onion turns translucent."",""Stir in the spices and fry for approx. 30 sec., stirring, until fragrant."",""Add the diced pumpkin and the crushed tomatoes to the pot."",""Pour in the vegetable broth and coconut milk, then bring everything to a boil."",""Reduce the heat, cover, and let the pumpkin simmer for approx. 10–15 min. until tender."",""Using an immersion blender or a stand mixer, purée about half of the pumpkin-tomato mixture until smooth."",""Rinse and wash the butter beans, then add to the pot, and stir well."",""Season the sauce with salt and let it simmer for approx. 5 min. to allow the flavors to meld."",""Serve the butter bean pumpkin curry with basmati rice and naan bread and garnish with fresh cilantro, if desired.""]",478,14,14,80,"vegan,curry,indian,main","https://www.kitchenstories.com/en/recipes/easy-butter-bean-curry-with-pumpkin"
"Pasta al Ragù Bianco","Ragù Bianco is a gentler, lighter sister to the all-time classic Bolognese. It skips tomatoes but adds white wine, fresh herbs, and butter for that silky creaminess.","easy",60,60,4,"[{""name"":""pappardelle pasta"",""amount"":""500"",""unit"":""g"",""category"":""key"",""substitutes"":[""tagliatelle""],""notes"":""""},{""name"":""mixed ground meat"",""amount"":""500"",""unit"":""g"",""category"":""key"",""substitutes"":[],""notes"":""""},{""name"":""Italian sausages"",""amount"":""150"",""unit"":""g"",""category"":""important"",""substitutes"":[],""notes"":""""},{""name"":""pancetta"",""amount"":""75"",""unit"":""g"",""category"":""important"",""substitutes"":[""bacon""],""notes"":""""},{""name"":""carrot"",""amount"":""1"",""unit"":"""",""category"":""important"",""substitutes"":[],""notes"":""""},{""name"":""celery"",""amount"":""1"",""unit"":"""",""category"":""important"",""substitutes"":[],""notes"":""""},{""name"":""onion"",""amount"":""1"",""unit"":"""",""category"":""important"",""substitutes"":[],""notes"":""""},{""name"":""dry white wine"",""amount"":""200"",""unit"":""ml"",""category"":""flavor"",""substitutes"":[],""notes"":""""},{""name"":""beef stock"",""amount"":""200"",""unit"":""ml"",""category"":""important"",""substitutes"":[],""notes"":""""},{""name"":""thyme"",""amount"":""3"",""unit"":""sprigs"",""category"":""flavor"",""substitutes"":[],""notes"":""""},{""name"":""sage"",""amount"":""2"",""unit"":""sprigs"",""category"":""flavor"",""substitutes"":[],""notes"":""""},{""name"":""rosemary"",""amount"":""1"",""unit"":""sprig"",""category"":""flavor"",""substitutes"":[],""notes"":""""},{""name"":""lemon zest"",""amount"":""2"",""unit"":""tsp"",""category"":""flavor"",""substitutes"":[],""notes"":""""},{""name"":""butter (for serving)"",""amount"":""50"",""unit"":""g"",""category"":""flavor"",""substitutes"":[],""notes"":""""},{""name"":""salt"",""amount"":"""",""unit"":"""",""category"":""base"",""substitutes"":[],""notes"":""""},{""name"":""pepper"",""amount"":"""",""unit"":"""",""category"":""base"",""substitutes"":[],""notes"":""""}]","[""Finely dice carrot, celery, and onion. Remove salsiccia from its casing. Heat some olive oil in a large pot or Dutch oven. Fry pancetta and salsiccia for approx. 3 min. Add ground meat and cook for approx. 5 min more, seasoning with salt and pepper."",""Add diced vegetables to the meat and sauté over medium heat for approx. 5–7 min. Deglaze with white wine and let reduce for approx. 3 min. Pour in beef stock once it's reduced. Add thyme, sage, rosemary, and bay leaf."",""Let ragù simmer over low heat for approx. 45–60 min., half time covered, other half uncovered. Add more beef stock if needed. Just before it's done, stir in butter to make a silky and glossy sauce."",""Towards the end of ragù's cooking time, cook pappardelle in generously salted water until al dente. Reserve a little pasta water, drain pasta, and add to ragù. Mix it all well. Finely grate lemon zest and stir half of it in. Top with freshly grated Parmesan and remaining lemon zest and serve immediately.""]",1100,48,57,97,"pasta,italian,main","https://www.kitchenstories.com/en/recipes/pasta-al-ragu-bianco"
"Creamy 15-minute marry me chickpeas","Creamy, spicy, filling, and simply irresistible! This chickpea skillet is our meatless answer to the food trend Marry Me Chicken.","easy",15,0,3,"[{""name"":""canned chickpeas"",""amount"":""480"",""unit"":""g"",""category"":""key"",""substitutes"":[""white beans""],""notes"":""""},{""name"":""onion"",""amount"":""1"",""unit"":"""",""category"":""important"",""substitutes"":[],""notes"":""""},{""name"":""garlic"",""amount"":""2 cloves"",""unit"":"""",""category"":""flavor"",""substitutes"":[],""notes"":""""},{""name"":""sun-dried tomatoes"",""amount"":""60"",""unit"":""g"",""category"":""important"",""substitutes"":[],""notes"":""""},{""name"":""tomato paste"",""amount"":""2"",""unit"":""tbsp"",""category"":""important"",""substitutes"":[],""notes"":""""},{""name"":""vegetable broth"",""amount"":""200"",""unit"":""ml"",""category"":""important"",""substitutes"":[],""notes"":""""},{""name"":""light crème fraîche"",""amount"":""200"",""unit"":""g"",""category"":""important"",""substitutes"":[""sour cream""],""notes"":""""},{""name"":""Parmesan cheese (grated)"",""amount"":""60"",""unit"":""g"",""category"":""important"",""substitutes"":[],""notes"":""""},{""name"":""olive oil"",""amount"":""2"",""unit"":""tbsp"",""category"":""base"",""substitutes"":[],""notes"":""""},{""name"":""dried thyme"",""amount"":""0.5"",""unit"":""tsp"",""category"":""flavor"",""substitutes"":[],""notes"":""""},{""name"":""chili flakes (optional)"",""amount"":""0.5"",""unit"":""tsp"",""category"":""flavor"",""substitutes"":[],""notes"":""""},{""name"":""baby spinach"",""amount"":""50"",""unit"":""g"",""category"":""important"",""substitutes"":[],""notes"":""""},{""name"":""salt"",""amount"":"""",""unit"":"""",""category"":""base"",""substitutes"":[],""notes"":""""},{""name"":""pepper"",""amount"":"""",""unit"":"""",""category"":""base"",""substitutes"":[],""notes"":""""}]","[""Peel and finely dice onion and chop garlic. Roughly chop sun-dried tomatoes. Heat olive oil in a large skillet over medium heat. Sauté onion and garlic for approx. 3 min. until softened. Add tomato paste and sun-dried tomatoes and sauté for approx. 1–2 min. more. Then deglaze with vegetable stock."",""Rinse and drain chickpeas. Add chickpeas to the skillet along with light crème fraîche, ¾ of Parmesan, thyme, and chili flakes to taste. Stir well and let simmer over low heat for approx. 5–7 min. until the sauce is creamy. Season with salt and pepper."",""Fold baby spinach into the sauce and let it wilt for approx. 1–2 min. To serve, top with extra Parmesan and, if desired, a sprinkle of chili flakes.""]",796,33,36,86,"vegetarian,one-pot,main,quick","https://www.kitchenstories.com/en/recipes/creamy-15-minute-marry-me-chickpeas"
"Bang bang salmon bowl","After a long day, you're craving something quick and healthy-ish that still feels like a hug in a bowl? This bang bang salmon has you covered!","medium",20,10,2,"[{""name"":""salmon fillets"",""amount"":""2"",""unit"":"""",""category"":""key"",""substitutes"":[],""notes"":""""},{""name"":""mayonnaise"",""amount"":""80"",""unit"":""ml"",""category"":""important"",""substitutes"":[],""notes"":""""},{""name"":""sweet chili sauce"",""amount"":""30"",""unit"":""ml"",""category"":""flavor"",""substitutes"":[],""notes"":""""},{""name"":""Sriracha"",""amount"":""10"",""unit"":""ml"",""category"":""flavor"",""substitutes"":[],""notes"":""""},{""name"":""sweet paprika powder"",""amount"":""½"",""unit"":""tsp"",""category"":""flavor"",""substitutes"":[],""notes"":""""},{""name"":""garlic powder"",""amount"":""½"",""unit"":""tsp"",""category"":""flavor"",""substitutes"":[],""notes"":""""},{""name"":""olive oil"",""amount"":""15"",""unit"":""ml"",""category"":""base"",""substitutes"":[],""notes"":""""},{""name"":""rice"",""amount"":""180"",""unit"":""g"",""category"":""important"",""substitutes"":[],""notes"":""""},{""name"":""red cabbage"",""amount"":""50"",""unit"":""g"",""category"":""important"",""substitutes"":[],""notes"":""""},{""name"":""carrots"",""amount"":""50"",""unit"":""g"",""category"":""important"",""substitutes"":[],""notes"":""""},{""name"":""cucumber"",""amount"":""¼"",""unit"":"""",""category"":""important"",""substitutes"":[],""notes"":""""},{""name"":""edamame beans"",""amount"":""80"",""unit"":""g"",""category"":""important"",""substitutes"":[],""notes"":""""},{""name"":""avocado"",""amount"":""1"",""unit"":"""",""category"":""important"",""substitutes"":[],""notes"":""""},{""name"":""black sesame seeds"",""amount"":""½"",""unit"":""tbsp"",""category"":""flavor"",""substitutes"":[],""notes"":""""},{""name"":""salt"",""amount"":"""",""unit"":"""",""category"":""base"",""substitutes"":[],""notes"":""""},{""name"":""pepper"",""amount"":"""",""unit"":"""",""category"":""base"",""substitutes"":[],""notes"":""""}]","[""Preheat the oven to 200 °C (top/bottom heat). In a large bowl, mix mayonnaise, sweet chili sauce, and Sriracha, then set aside. Cut the salmon into bite-sized pieces, season in a bowl with paprika powder, garlic powder, salt, and pepper, and mix well."",""Line a baking sheet with parchment paper. Spread the seasoned salmon on top, drizzle with oil, and bake in the oven for approx. 8–10 min. until cooked through and easily flaked. Meanwhile, cook the rice according to package instructions. At the same time, slice the red cabbage into very thin strips and peel and grate the carrots."",""Halve avocado and remove the pit, then slice. Slice the cucumber as well. Cook the edamame for approx. 2–3 min. according to package instructions, drain, remove from the pods and salt everything. Carefully mix the salmon with half of the bang bang sauce. Spoon rice into bowls and top with the vegetables and salmon. Garnish with coriander, the remaining sauce and sesame seeds, season to taste and serve.""]",1212,44,70,100,"fish,bowl,asian,main","https://www.kitchenstories.com/en/recipes/bang-bang-salmon-bowl"
"Mediterranean cabbage rolls with lentil zucchini filling","A satisfying dish that combines Mediterranean flavors with lentils and zucchini, perfect for mid-season nostalgia.","medium",35,25,4,"[{""name"":""pointed cabbage"",""amount"":""1"",""unit"":"""",""category"":""key"",""substitutes"":[""savoy cabbage""],""notes"":""""},{""name"":""zucchini"",""amount"":""1"",""unit"":"""",""category"":""important"",""substitutes"":[],""notes"":""""},{""name"":""feta cheese"",""amount"":""200"",""unit"":""g"",""category"":""important"",""substitutes"":[],""notes"":""""},{""name"":""shallots"",""amount"":""3"",""unit"":"""",""category"":""important"",""substitutes"":[""onions""],""notes"":""""},{""name"":""olive oil"",""amount"":""2"",""unit"":""tbsp"",""category"":""base"",""substitutes"":[],""notes"":""""},{""name"":""lentils (cooked)"",""amount"":""300"",""unit"":""g"",""category"":""key"",""substitutes"":[],""notes"":""""},{""name"":""sweet paprika powder"",""amount"":""1"",""unit"":""tsp"",""category"":""flavor"",""substitutes"":[],""notes"":""""},{""name"":""canned crushed tomatoes"",""amount"":""400"",""unit"":""g"",""category"":""important"",""substitutes"":[],""notes"":""""},{""name"":""ajvar"",""amount"":""200"",""unit"":""g"",""category"":""important"",""substitutes"":[],""notes"":""""},{""name"":""Worcestershire sauce"",""amount"":""3"",""unit"":""tsp"",""category"":""flavor"",""substitutes"":[],""notes"":""""},{""name"":""salt"",""amount"":"""",""unit"":"""",""category"":""base"",""substitutes"":[],""notes"":""""},{""name"":""pepper"",""amount"":"""",""unit"":"""",""category"":""base"",""substitutes"":[],""notes"":""""}]","[""Preheat oven to 180°C/350°F with fan. Remove a leaf per roll from the cabbage, roll them flat, and blanch in boiling salted water for approx. 1–2 min. Then, immediately shock in ice water and drain well."",""Drain lentils through a sieve and rinse. Cut zucchini into approx. 1 cm. cubes and finely chop shallot. Crumble feta with your hands into a small bowl. Heat olive oil in a pan and sauté shallot for approx. 2 min. until translucent. Then, add zucchini and fry for approx. 5 min. more. Remove from heat, add lentils and feta, gently fold in and season with salt, pepper, and paprika."",""Place approx. 2 tbsp of filling on each cabbage leaf, fold in the sides, and roll tightly. Mix chopped tomatoes, ajvar, Worcestershire sauce, salt, and pepper in a baking dish. Place rolls seam-side down into the sauce. Dot rolls with some butter and bake for approx. 20–25 min. until golden brown. Take out of the oven and serve immediately while still hot.""]",631,32,27,76,"vegetarian,greek,mediterranean,main","https://www.kitchenstories.com/en/recipes/mediterranean-cabbage-rolls-with-lentil-zucchini-filling"
"Spanakopita pasta (Spanakopasta)","Craving a quick weeknight dinner with a Mediterranean twist? This fusion of Greek spanakopita and Italian pasta comes together in no time.","easy",20,0,2,"[{""name"":""spinach"",""amount"":""300"",""unit"":""g"",""category"":""key"",""substitutes"":[],""notes"":""""},{""name"":""feta cheese"",""amount"":""150"",""unit"":""g"",""category"":""key"",""substitutes"":[],""notes"":""""},{""name"":""spaghetti"",""amount"":""250"",""unit"":""g"",""category"":""key"",""substitutes"":[""linguine""],""notes"":""""},{""name"":""onion"",""amount"":""1"",""unit"":"""",""category"":""important"",""substitutes"":[],""notes"":""""},{""name"":""garlic"",""amount"":""2"",""unit"":""cloves"",""category"":""flavor"",""substitutes"":[],""notes"":""""},{""name"":""olive oil"",""amount"":""2"",""unit"":""tbsp"",""category"":""base"",""substitutes"":[],""notes"":""""},{""name"":""dill"",""amount"":""15"",""unit"":""g"",""category"":""flavor"",""substitutes"":[],""notes"":""""},{""name"":""parsley"",""amount"":""15"",""unit"":""g"",""category"":""flavor"",""substitutes"":[],""notes"":""""},{""name"":""lemon"",""amount"":""1"",""unit"":"""",""category"":""flavor"",""substitutes"":[],""notes"":""""},{""name"":""butter"",""amount"":""2"",""unit"":""tbsp"",""category"":""flavor"",""substitutes"":[],""notes"":""""},{""name"":""panko breadcrumbs"",""amount"":""60"",""unit"":""g"",""category"":""flavor"",""substitutes"":[],""notes"":""""},{""name"":""dried oregano"",""amount"":""1"",""unit"":""tsp"",""category"":""flavor"",""substitutes"":[],""notes"":""""},{""name"":""ground nutmeg"",""amount"":""¼"",""unit"":""tsp"",""category"":""flavor"",""substitutes"":[],""notes"":""""},{""name"":""salt"",""amount"":"""",""unit"":"""",""category"":""base"",""substitutes"":[],""notes"":""""},{""name"":""pepper"",""amount"":"""",""unit"":"""",""category"":""base"",""substitutes"":[],""notes"":""""}]","[""Finely chop dill and parsley. Melt butter in a large pan and toast the panko over medium heat until golden brown. Stir in the chopped herbs and oregano, season with salt and pepper. Remove from the pan and set aside."",""Peel and finely dice onion, peel and finely mince garlic. Heat olive oil in the previously used pan, sauté onion for approx. 2–3 min. until translucent, then add garlic and cook approx. 1 min. more. Roughly chop spinach, add in batches to the pan and let wilt while stirring. Season with salt, pepper, and freshly grated nutmeg."",""Meanwhile, cook the spaghetti in a large pot of salted water according to package instructions until al dente, reserving some pasta water. Wash the lemon, finely grate the zest and then squeeze out the juice."",""Crumble the feta with a fork. Add the cooked spaghetti directly to the spinach in the pan. Stir in half the feta, lemon zest, and some lemon juice, adding reserved pasta water if needed to bind the sauce. Season with salt and pepper. To serve, divide the pasta onto plates and top with the crispy herb-panko mixture and remaining feta.""]",2159,74,90,267,"vegetarian,pasta,greek,italian,main","https://www.kitchenstories.com/en/recipes/spanakopita-pasta-spanakopasta"
"One pan charred corn and shrimp orzo","Looking for a new soul food dish but short on time? Creamy one-pot orzo with juicy shrimp, roasted corn, and smoky Cajun spices.","medium",40,0,3,"[{""name"":""sweet corn"",""amount"":""2"",""unit"":"""",""category"":""key"",""substitutes"":[""canned corn""],""notes"":""""},{""name"":""onion"",""amount"":""1"",""unit"":"""",""category"":""important"",""substitutes"":[],""notes"":""""},{""name"":""garlic"",""amount"":""2"",""unit"":""cloves"",""category"":""flavor"",""substitutes"":[],""notes"":""""},{""name"":""celery"",""amount"":""1"",""unit"":""stalk"",""category"":""important"",""substitutes"":[],""notes"":""""},{""name"":""bell pepper"",""amount"":""1"",""unit"":"""",""category"":""important"",""substitutes"":[],""notes"":""""},{""name"":""lime"",""amount"":""1"",""unit"":"""",""category"":""flavor"",""substitutes"":[],""notes"":""""},{""name"":""smoked paprika powder"",""amount"":""2"",""unit"":""tsp"",""category"":""flavor"",""substitutes"":[],""notes"":""""},{""name"":""dried thyme"",""amount"":""1"",""unit"":""tsp"",""category"":""flavor"",""substitutes"":[],""notes"":""""},{""name"":""dried oregano"",""amount"":""1"",""unit"":""tsp"",""category"":""flavor"",""substitutes"":[],""notes"":""""},{""name"":""cayenne pepper"",""amount"":""½"",""unit"":""tsp"",""category"":""flavor"",""substitutes"":[],""notes"":""""},{""name"":""shrimp"",""amount"":""300"",""unit"":""g"",""category"":""key"",""substitutes"":[],""notes"":""""},{""name"":""orzo"",""amount"":""200"",""unit"":""g"",""category"":""key"",""substitutes"":[],""notes"":""""},{""name"":""vegetable stock"",""amount"":""600"",""unit"":""ml"",""category"":""important"",""substitutes"":[],""notes"":""""},{""name"":""cream (15% fat)"",""amount"":""150"",""unit"":""ml"",""category"":""important"",""substitutes"":[],""notes"":""""},{""name"":""salt"",""amount"":"""",""unit"":"""",""category"":""base"",""substitutes"":[],""notes"":""""},{""name"":""pepper"",""amount"":"""",""unit"":"""",""category"":""base"",""substitutes"":[],""notes"":""""}]","[""Peel and finely dice onion. Peel and finely chop garlic. Trim, and dice celery and bell pepper. Slice the kernels off the cob with a knife. Halve lime. Finely chop parsley."",""Pat shrimp dry and toss in a bowl with paprika, thyme, oregano, cayenne, sugar, salt, and pepper. Heat some oil in a wide pot and sear shrimp over medium-high heat for approx. 2 min. per side, until pink and lightly browned. Remove from pot and set aside. Add more oil and char corn kernels over high heat for approx. 5–7 min., until browned. Add diced vegetables and sauté for approx. 3–4 min. more."",""Add orzo to the pot and toast briefly, then deglaze with veggie broth and cream. Stir well, bring to a boil, then cover and let simmer over medium heat, stirring occasionally, for approx. 10–12 min., until the pasta is cooked and it absorbed the liquid. Return shrimp to the pot and warm over low heat for approx. 2–3 min. Juice half the lime, cut the other half into wedges. Season with lime juice, parsley, salt, and pepper, then let rest for approx. 5 min. more. Serve with lime wedges.""]",693,34,27,83,"shrimp,seafood,one-pot,main","https://www.kitchenstories.com/en/recipes/one-pan-charred-corn-and-shrimp-orzo"
"Crispy air fryer Wiener schnitzel","A beer garden classic, is now in the air fryer. Have a plate of air fryer Wiener schnitzel today with this recipe!","easy",30,12,4,"[{""name"":""veal cutlets"",""amount"":""500"",""unit"":""g"",""category"":""key"",""substitutes"":[""pork cutlets""],""notes"":""""},{""name"":""eggs"",""amount"":""4"",""unit"":""items"",""category"":""important"",""substitutes"":[],""notes"":""""},{""name"":""milk"",""amount"":""100"",""unit"":""ml"",""category"":""important"",""substitutes"":[],""notes"":""""},{""name"":""flour"",""amount"":""200"",""unit"":""g"",""category"":""important"",""substitutes"":[],""notes"":""""},{""name"":""breadcrumbs"",""amount"":""200"",""unit"":""g"",""category"":""important"",""substitutes"":[],""notes"":""""},{""name"":""lemon"",""amount"":""1"",""unit"":""items"",""category"":""flavor"",""substitutes"":[],""notes"":""""},{""name"":""salt"",""amount"":"""",""unit"":"""",""category"":""base"",""substitutes"":[],""notes"":""""},{""name"":""pepper"",""amount"":"""",""unit"":"""",""category"":""base"",""substitutes"":[],""notes"":""""}]","[""In a large bowl, whisk together eggs and milk."",""Cut veal into approx. two finger thick butterflied portions. Beat veal as thinly as possible without making holes in it."",""Season cutlets with salt and pepper. Dredge each piece first in flour, then in egg mixture, and lastly in breadcrumbs. Brush the coated schnitzel well with oil or clarified butter. Bake in the air fryer one at a time for approx. 12 min. at 200°C/390°F flipping halfway through. Serve golden crispy Wiener schnitzel with a lemon wedge, and homemade potato salad.""]",652,43,18,78,"main,german,air-fryer","https://www.kitchenstories.com/en/recipes/crispy-air-fryer-wiener-schnitzel"
"Juicy air fryer salmon and vegetables","It's a weeknight, you need an easy dinner, and you haven't had fish recently... This is the perfect time to turn to your air fryer with a salmon fillet!","easy",20,20,2,"[{""name"":""salmon fillets"",""amount"":""280"",""unit"":""g"",""category"":""key"",""substitutes"":[],""notes"":""""},{""name"":""red bell pepper"",""amount"":""1"",""unit"":"""",""category"":""important"",""substitutes"":[],""notes"":""""},{""name"":""zucchini"",""amount"":""½"",""unit"":"""",""category"":""important"",""substitutes"":[],""notes"":""""},{""name"":""eggplant"",""amount"":""½"",""unit"":"""",""category"":""important"",""substitutes"":[],""notes"":""""},{""name"":""onion"",""amount"":""1"",""unit"":"""",""category"":""important"",""substitutes"":[],""notes"":""""},{""name"":""leek"",""amount"":""½ stalk"",""unit"":"""",""category"":""important"",""substitutes"":[],""notes"":""""},{""name"":""mint"",""amount"":""8"",""unit"":""leaves"",""category"":""flavor"",""substitutes"":[],""notes"":""""},{""name"":""garlic"",""amount"":""1"",""unit"":""clove"",""category"":""flavor"",""substitutes"":[],""notes"":""""},{""name"":""rosemary"",""amount"":""2"",""unit"":""sprigs"",""category"":""flavor"",""substitutes"":[],""notes"":""""},{""name"":""thyme"",""amount"":""2"",""unit"":""sprigs"",""category"":""flavor"",""substitutes"":[],""notes"":""""},{""name"":""slivered almonds"",""amount"":""20"",""unit"":""g"",""category"":""flavor"",""substitutes"":[],""notes"":""""},{""name"":""lemon"",""amount"":""1"",""unit"":"""",""category"":""flavor"",""substitutes"":[],""notes"":""""},{""name"":""olive oil"",""amount"":"""",""unit"":"""",""category"":""base"",""substitutes"":[],""notes"":""for marinating""},{""name"":""salt"",""amount"":"""",""unit"":"""",""category"":""base"",""substitutes"":[],""notes"":""""},{""name"":""pepper"",""amount"":"""",""unit"":"""",""category"":""base"",""substitutes"":[],""notes"":""""}]","[""Cut bell pepper, zucchini, and eggplant into small cubes. Slice onion and leek thinly."",""Marinate the sliced vegetables in a large bowl with olive oil, mint, crushed garlic, rosemary, thyme, salt, and pepper."",""Distribute the vegetables over two sheets of parchment paper. Cut salmon into portions and place on top of the vegetables. Sprinkle with salt and almond slices. Place lemon slices on top. Fold parchment paper over and air fry for approx. 15–20 min., at 140°C/2800°F. Cut the parchment paper open at the top and open slightly to serve.""]",513,36,30,31,"fish,air-fryer,healthy,main","https://www.kitchenstories.com/en/recipes/juicy-air-fryer-salmon-and-vegetables"
